ПІБ,ІПН,Знайдено
Степаненко Владислав Богданович,8982642003,
Левченко Валерій Вадимович,6193107849,
Панченко Тарас Євгенович,8130711830,
Ткач Анатолій Миколайович,9525351699,
Литвиненко Лариса Максимівна,2248643123,
Сорока Олег Ігорович,9732971487,
Пономаренко Надія Максимівна,4308425122,
Кравченко Поліна Олегівна,8077980179,
Тимченко Діана Миколаївна,7752846455,
Білик Олексій Іванович,1626419894,
Гриценко Роман Владиславович,3940650605,
Момот Дарина Дмитрівна,1771501917,
Поліщук Ігор Олегович,6566106884,
Білоус Сергій Миколайович,4310184147,
Дяченко Ольга Юріївна,1590177268,
Гриценко Надія Василівна,9862172695,
Дмитренко Петро Тарасович,2985839014,
Пономаренко Лілія Владиславівна,9912098871,
Луценко Петро Олексійович,6790343439,
Войтенко Поліна Миколаївна,4738574379,
Савченко Людмила Ігорівна,3546135294,
Семенченко Надія Андріївна,3982699241,
Передерій Ірина Романівна,4970058307,
Шевченко Антоніна Тарасівна,4986084676,
Момот Олексій Михайлович,4488909683,
Олійник Тамара Богданівна,8638345554,
Харченко Артем Дмитрович,4211972005,
Семенченко Максим Владиславович,1310075996,
Орленко Євген Васильович,6711488381,
Момот Геннадій Андрійович,5722687290,
Нечипоренко Валерій Сергійович,3813381236,
Кузьменко Марія Максимівна,1011817519,
Савченко Максим Миколайович,3957539387,
Петренко Михайло Богданович,6484972329,
Олійник Максим Максимович,6813801068,
Луценко Сергій Андрійович,6569797476,
Павленко Роман Тарасович,8692939180,
Дмитренко Тетяна Юріївна,5078325690,
Клименко Світлана Юріївна,7933849362,
Нагірняк Тамара Артемівна,4000903473,
Клименко Олег Юрійович,7093031696,
Нагірняк Марія Андріївна,5877863474,
Гриценко Юлія Владиславівна,3753688255,
Дяченко Лілія Максимівна,8115122969,
Іваненко Надія Василівна,1350439695,
Деркач Ганна Олексіївна,8504339738,
Яценко Надія Дмитрівна,5751062183,
Семенченко Валерій Максимович,9020674780,
Деркач Аліна Олегівна,8138838174,
Луценко Анатолій Дмитрович,1116689460,
Мороз Вадим Романович,3533526319,
Гладченко Лілія Олексіївна,1965023433,
Петренко Ольга Олексіївна,4692688336,
Карпенко Зоя Миколаївна,7251116488,
Мельник Вадим Ігорович,6062704121,
Пономаренко Олена Іванівна,7859181234,
Клименко Катерина Артемівна,2341893688,
Сорока Олег Максимович,3044678527,
Левченко Артем Сергійович,3502552750,
Гриценко Тетяна Романівна,4629411612,
Деркач Дарина Богданівна,8585245387,
Григоренко Іван Владиславович,7881749545,
Пономаренко Поліна Олегівна,1861150457,
Горобець Євген Богданович,3380054806,
Білик Діана Євгенівна,6653726511,
Сорока Зоя Євгенівна,8389664070,
Середа Ольга Сергіївна,9322767398,
Нагірняк Максим Владиславович,6191565497,
Середа Оксана Сергіївна,4956632478,
Сидоренко Іван Іванович,3096713172,
Яценко Наталія Андріївна,3332961973,
Данченко Галина Дмитрівна,3788177106,
Ткач Юрій Ігорович,1308420257,
Захаренко Василь Олексійович,1488573374,
Луценко Андрій Євгенович,7678166401,
Кисіль Надія Андріївна,1730626053,
Білик Геннадій Сергійович,6234874370,
Гриценко Анатолій Ігорович,7724096623,
Мороз Ігор Юрійович,6587336991,
Литвиненко Ольга Тарасівна,6704754749,
Зінченко Геннадій Романович,2428749997,
Марченко Дмитро Миколайович,9427951000,
Руденко Марія Василівна,3469569299,
Ткач Михайло Владиславович,5493325098,
Захаренко Надія Вадимівна,2189739637,
Гладченко Михайло Іванович,7024673215,
Клименко Оксана Юріївна,4982007033,
Пономаренко Тарас Олегович,8881514425,
Білик Катерина Андріївна,8489313531,
Степаненко Дмитро Сергійович,9853054909,
Мельник Євген Сергійович,3913783485,
Харченко Тамара Андріївна,5963952262,
Яценко Наталія Михайлівна,7838315826,
Гончаренко Лариса Владиславівна,9898108913,
Гриценко Людмила Василівна,1161465110,
Савченко Андрій Васильович,8908125728,
Семенченко Микола Олегович,9000227791,
Дяченко Ганна Миколаївна,6302115656,
Пономаренко Ірина Дмитрівна,4465065455,
Деркач Євген Олегович,1900215619,
Савченко Олег Дмитрович,6380254272,
Бондаренко Юлія Дмитрівна,2153680373,
Мороз Віктор Євгенович,6861974658,
Олійник Андрій Олексійович,3213643492,
Захаренко Наталія Євгенівна,6614255424,
Поліщук Наталія Вадимівна,9038504738,
Клименко Василь Дмитрович,2916836082,
Степаненко Олена Юріївна,7439425713,
Бондаренко Віктор Ігорович,6996463903,
Гриценко Артем Артемович,9915316943,
Данченко Михайло Артемович,6450932709,
Степаненко Михайло Андрійович,8437561340,
Клименко Вікторія Максимівна,3913281052,
Ткач Аліна Максимівна,1847356502,
Лисенко Галина Максимівна,2267457901,
Войтенко Оксана Романівна,6234323807,
Поліщук Андрій Олегович,2837218359,
Романенко Ганна Ігорівна,9854447005,
Павленко Валентина Сергіївна,5735793201,
Данченко Ярослав Михайлович,6970249086,
Марченко Михайло Миколайович,7849012449,
Деркач Вадим Юрійович,8339826853,
Гладченко Ганна Ігорівна,2359089872,
Білик Юлія Іванівна,5601902554,
Войтенко Марія Вадимівна,7177975019,
Мельник Віктор Ігорович,3042187304,
Хоменко Юлія Василівна,7520349079,
Савченко Олег Миколайович,1076861021,
Сидоренко Віктор Миколайович,1242999792,
Степаненко Лілія Юріївна,4640600399,
Олійник Тамара Олексіївна,7299774195,
Поліщук Олег Андрійович,4348873860,
Лисенко Сергій Максимович,8888399318,
Олійник Галина Максимівна,1010595770,
Петренко Дарина Сергіївна,8329260207,
Деркач Вадим Михайлович,2320804023,
Зінченко Петро Вадимович,3985042653,
Кириленко Лілія Олегівна,5267538314,
Костенко Світлана Богданівна,8890495362,
Руденко Іван Артемович,7390177944,
Передерій Вікторія Іванівна,8929638800,
Мельник Ольга Олексіївна,2016170766,
Гладченко Євген Дмитрович,5715875719,
Кравченко Галина Романівна,3764644103,
Середа Ярослав Васильович,2506385216,
Лисенко Геннадій Романович,6911537148,
Коваленко Валерій Ігорович,8404647611,
Зінченко Наталія Владиславівна,5842802622,
Тимченко Зоя Романівна,4833477621,
Поліщук Роман Миколайович,9502502372,
Панченко Тамара Іванівна,7272561435,
Ткаченко Лариса Тарасівна,1095575470,
Пономаренко Олексій Вадимович,2294309355,
Орленко Василь Васильович,9558681128,
Коваленко Надія Іванівна,5759675280,
Дмитренко Дарина Євгенівна,3785179719,
Дяченко Аліна Вадимівна,7027662764,
Власенко Геннадій Євгенович,1391773252,
Сидоренко Анатолій Іванович,9828376641,
Середа Олексій Юрійович,4094920553,
Горобець Оксана Василівна,4417714155,
Зінченко Вадим Андрійович,8349058242,
Горобець Вадим Олегович,2214763928,
Сидоренко Юлія Василівна,4621033979,
Білик Лілія Юріївна,5027433074,
Поліщук Василь Дмитрович,6392567840,
Дяченко Ганна Артемівна,4572751167,
Яценко Василь Михайлович,4126493880,
Левченко Ольга Романівна,2625932143,
Поліщук Петро Вадимович,1582154984,
Нечипоренко Ірина Тарасівна,3425592988,
Хоменко Ольга Вадимівна,4569787672,
Білоус Олег Іванович,7885899905,
Павленко Юлія Тарасівна,4278749409,
Кисіль Марія Євгенівна,7183867843,
Левченко Марія Олексіївна,8983738975,
Деркач Надія Сергіївна,6757850830,
Харченко Ірина Дмитрівна,7704268273,
Гриценко Надія Іванівна,1117129510,
Нечипоренко Зоя Михайлівна,4993887718,
Мороз Олег Владиславович,1060938356,
Іваненко Ігор Дмитрович,7463276935,
Іваненко Валентина Іванівна,9575297060,
Левченко Вадим Петрович,9431190430,
Деркач Наталія Олегівна,5864782433,
Степаненко Ірина Ігорівна,6971745055,
Мельник Тетяна Дмитрівна,1720169412,
Гриценко Ігор Олегович,9157162488,
Яценко Анатолій Сергійович,6291607577,
Нагірняк Світлана Артемівна,5084443507,
Григоренко Євген Ігорович,3471364421,
Горобець Андрій Дмитрович,5788860875,
Хоменко Поліна Іванівна,9415479979,
Орленко Людмила Сергіївна,2396697178,
Коваленко Валерій Миколайович,7735127843,
Білик Вікторія Іванівна,3524997682,
Захаренко Юлія Максимівна,7966916873,
Хоменко Віктор Богданович,1634647701,
Яценко Марія Максимівна,2596949002,
Олійник Юлія Євгенівна,3851677735,
Луценко Аліна Василівна,4467795025,
Захаренко Валерій Артемович,1829195274,
Гладченко Валентина Юріївна,4482027645,
Войтенко Людмила Сергіївна,8479566539,
Поліщук Геннадій Максимович,6221118268,
Мороз Петро Сергійович,1753360291,
Руденко Петро Романович,6214189632,
Гладченко Аліна Максимівна,7340240428,
Петренко Катерина Максимівна,9415163743,
Передерій Марія Олексіївна,6685967776,
Середа Микола Миколайович,9055041224,
Гончаренко Андрій Олегович,6989200469,
Білик Валерій Петрович,4281161906,
Данченко Євген Тарасович,4222237226,
Момот Аліна Олегівна,7804436912,
Руденко Тарас Ігорович,6490864625,
Романенко Віктор Миколайович,1828986629,
Григоренко Ольга Ігорівна,8792357778,
Степаненко Владислав Тарасович,6397831471,
Мороз Юлія Євгенівна,4688979937,
Карпенко Василь Андрійович,6916660596,
Семенченко Вікторія Миколаївна,1249851669,
Кравченко Наталія Дмитрівна,8858693008,
Марченко Олена Владиславівна,5671201907,
Мельник Поліна Андріївна,4762488006,
Ткаченко Василь Олегович,8529239756,
Поліщук Ольга Миколаївна,9869297721,
Павленко Валентина Ігорівна,8990441501,
Марченко Тамара Василівна,4096346180,
Литвиненко Анатолій Дмитрович,2567521822,
Середа Антоніна Максимівна,9043142367,
Карпенко Вадим Дмитрович,4054442941,
Середа Олег Михайлович,7652291662,
Сидоренко Ірина Ігорівна,6272858497,
Кузьменко Валерій Богданович,7342164883,
Передерій Богдан Богданович,6518983548,
Мороз Євген Сергійович,2146368855,
Григоренко Андрій Васильович,2763624221,
Бойченко Іван Миколайович,1903897790,
Білик Лариса Артемівна,1212306956,
Луценко Анатолій Дмитрович,2854808873,
Кириленко Артем Андрійович,7192302985,
Захаренко Роман Олегович,4884975323,
Дмитренко Поліна Петрівна,4780900231,
Луценко Михайло Сергійович,7495815199,
Горобець Валерій Юрійович,3671316314,
Мельник Ольга Андріївна,3023104410,
Білоус Олексій Олегович,4337532395,
Карпенко Ганна Юріївна,1935015999,
Лисенко Ганна Іванівна,9066708270,
Іваненко Анатолій Олегович,7914718703,
Романенко Василь Сергійович,7666964161,
Іваненко Зоя Євгенівна,1583517160,
Зінченко Олена Василівна,9999967648,
Павленко Діана Вадимівна,8005654541,
Сорока Юлія Василівна,4332270760,
Литвиненко Василь Юрійович,4239436944,
Харченко Галина Дмитрівна,7832312427,
Петренко Марія Максимівна,6900458315,
Бойченко Надія Олексіївна,4043952859,
Тимченко Артем Олегович,2657113802,
Середа Валерій Васильович,6390306804,
Іваненко Ярослав Андрійович,4678484562,
Григоренко Ірина Юріївна,3356865821,
Ткаченко Владислав Олексійович,4047059806,
Дмитренко Аліна Олексіївна,2437605713,
Ткаченко Валентина Миколаївна,2212524220,
Середа Галина Михайлівна,1435129445,
Лисенко Зоя Владиславівна,8495361906,
Карпенко Лариса Петрівна,7340398981,
Власенко Олег Романович,4158104646,
Левченко Вадим Васильович,2360780560,
Орленко Вікторія Євгенівна,3539840282,
Бондаренко Михайло Юрійович,1682389044,
Сорока Ірина Артемівна,8534431016,
Момот Іван Ігорович,9754862075,
Мельник Ігор Дмитрович,7109519493,
Коваленко Аліна Олексіївна,6474721400,
Ткач Поліна Михайлівна,4078232350,
Мельник Юлія Іванівна,2090281017,
Романенко Геннадій Євгенович,3978661177,
Карпенко Роман Васильович,5310836429,
Савченко Олег Андрійович,4767794124,
Клименко Галина Василівна,9582170210,
Левченко Оксана Михайлівна,5805431798,
Кириленко Дарина Вадимівна,8619427857,
Пономаренко Валерій Миколайович,9405090603,
Білик Юрій Сергійович,3379061574,
Левченко Владислав Ігорович,4923981551,
Петренко Василь Артемович,2431652247,
Момот Антоніна Петрівна,4029355631,
Кириленко Іван Олексійович,7931189341,
Клименко Іван Євгенович,5190936581,
Луценко Олена Олегівна,2095339343,
Григоренко Надія Романівна,7289370674,
Харченко Вадим Тарасович,3431414186,
Панченко Людмила Андріївна,2785489174,
Павленко Артем Васильович,9496380638,
Кисіль Тетяна Ігорівна,8867618697,
Нечипоренко Михайло Олегович,7245712695,
Литвиненко Лариса Михайлівна,9493855487,
Степаненко Тарас Михайлович,6110102083,
Гриценко Валентина Богданівна,9347761446,
Гончаренко Дарина Вадимівна,2137381200,
Левченко Марія Богданівна,8636559844,
Мороз Віктор Сергійович,5976175644,
Тимченко Людмила Миколаївна,6204163858,
Гриценко Марія Андріївна,7196991881,
Власенко Сергій Євгенович,1127522185,
Харченко Людмила Михайлівна,8660108025,
Олійник Дарина Михайлівна,3670636864,
Григоренко Андрій Богданович,1332173076,
Панченко Анатолій Тарасович,4934986534,
Нагірняк Лариса Євгенівна,1300155632,
Литвиненко Іван Ігорович,5085190874,
Бойченко Тамара Дмитрівна,4433336339,
Кравченко Євген Артемович,2073290273,
Іваненко Петро Тарасович,4623588285,
Войтенко Роман Сергійович,2234353567,
Олійник Роман Іванович,2492294528,
Григоренко Зоя Олексіївна,5771832355,
Деркач Світлана Романівна,1522358681,
Хоменко Іван Владиславович,3385092973,
Бондаренко Анатолій Миколайович,9493902854,
Карпенко Лілія Євгенівна,4125802146,
Петренко Лілія Вадимівна,1416635490,
Власенко Богдан Романович,9470591172,
Коваленко Тетяна Юріївна,4066033980,
Кравченко Петро Максимович,8274208683,
Кузьменко Анатолій Владиславович,1250943381,
Шевченко Галина Вадимівна,1124112285,
Дяченко Михайло Дмитрович,6814173039,
Клименко Сергій Дмитрович,6923848492,
Семенченко Вадим Васильович,8727540443,
Харченко Олег Тарасович,4915554020,
Білик Василь Сергійович,3154576114,
Горобець Олексій Євгенович,5920295776,
Литвиненко Антоніна Романівна,3287837007,
Бойченко Лілія Олексіївна,7764453461,
Григоренко Тарас Владиславович,3163480854,
Дяченко Тарас Васильович,7019490085,
Тимченко Юлія Дмитрівна,2893847592,
Пономаренко Олена Іванівна,1572269974,
Поліщук Лілія Олегівна,2830081799,
Мельник Василь Богданович,7844769773,
Панченко Максим Сергійович,3166256527,
Орленко Вікторія Андріївна,3383246270,
Мельник Максим Олексійович,2132405233,
Шевченко Діана Вадимівна,3248772168,
Нагірняк Василь Олексійович,5043136353,
Харченко Петро Артемович,5215650885,
Іваненко Дарина Олегівна,3263566050,
Білик Геннадій Артемович,2231964389,
Павленко Лілія Ігорівна,2227945634,
Кисіль Ольга Петрівна,4132141103,
Хоменко Микола Андрійович,2779939612,
Степаненко Тамара Михайлівна,3147126667,
Марченко Олег Владиславович,1496752740,
Кравченко Надія Юріївна,6381440383,
Кириленко Валентина Петрівна,2028204322,
Білоус Ганна Романівна,4523451333,
Ткаченко Тарас Андрійович,8781543130,
Кириленко Лілія Дмитрівна,8269879144,
Зінченко Валентина Богданівна,9675100665,
Карпенко Микола Петрович,6678342432,
Сидоренко Дарина Іванівна,6675263126,
Гончаренко Олена Владиславівна,4667290971,
Хоменко Марія Богданівна,4637712095,
Олійник Галина Василівна,4196398215,
Романенко Роман Олегович,3842031250,
Яценко Діана Петрівна,7437975352,
Кузьменко Дарина Ігорівна,1370982328,
Войтенко Зоя Андріївна,5696318209,
Іваненко Юлія Владиславівна,4100678293,
Мороз Євген Миколайович,1494931865,
Савченко Галина Олегівна,9353551857,
Іваненко Катерина Владиславівна,3795709576,
Мельник Вадим Ігорович,6852654886,
Нагірняк Богдан Ігорович,9307334200,
Гриценко Вадим Дмитрович,7339021484,
Карпенко Андрій Васильович,6804035712,
Яценко Ярослав Іванович,9146383463,
Гладченко Іван Євгенович,4005569880,
Момот Максим Романович,8493036979,
Левченко Світлана Богданівна,7374656004,
Бондаренко Олег Михайлович,5481208595,
Білик Зоя Артемівна,1627472431,
Луценко Поліна Іванівна,8797161856,
Данченко Дмитро Миколайович,6614919859,
Савченко Вікторія Юріївна,7541013394,
Харченко Марія Євгенівна,1808598381,
Гриценко Катерина Романівна,2844290217,
Поліщук Поліна Михайлівна,9920266262,
Яценко Анатолій Максимович,2626431608,
Бондаренко Олексій Ігорович,7930101133,
Панченко Максим Михайлович,5570277977,
Деркач Людмила Артемівна,3484179057,
Карпенко Лілія Михайлівна,7933735342,
Хоменко Олена Богданівна,5465904169,
Назаренко Микола Андрійович,1947817818,
Білик Олег Євгенович,8870339096,
Петренко Роман Олегович,5676657857,
Сорока Катерина Петрівна,2194642450,
Степаненко Оксана Олегівна,8743236408,
Харченко Петро Євгенович,1972556239,
Карпенко Наталія Петрівна,1461857408,
Лисенко Юрій Богданович,5346770935,
Середа Анатолій Вадимович,7154397120,
Хоменко Ганна Ігорівна,8139746936,
Поліщук Галина Сергіївна,2589695842,
Романенко Вадим Тарасович,4255197093,
Дмитренко Марія Олексіївна,9705140566,
Сидоренко Владислав Миколайович,6527196143,
Горобець Зоя Богданівна,1773171187,
Клименко Іван Тарасович,4431826920,
Лисенко Вікторія Романівна,1036848586,
Білоус Марія Владиславівна,1584047915,
Романенко Лілія Василівна,6099297965,
Костенко Валерій Васильович,1970270388,
Гриценко Тетяна Юріївна,1384964769,
Костенко Оксана Михайлівна,8208444248,
Назаренко Іван Богданович,2409248728,
Білик Галина Євгенівна,3532719258,
Білоус Вадим Романович,7300485600,
Кисіль Василь Владиславович,8614127492,
Назаренко Дарина Владиславівна,5979319946,
Ткаченко Роман Петрович,5071432626,
Сорока Людмила Дмитрівна,9251775000,
Лисенко Ганна Сергіївна,3920381648,
Деркач Дмитро Олегович,4986802550,
Литвиненко Максим Олегович,4915257687,
Передерій Тарас Петрович,2833556636,
Бондаренко Вікторія Олегівна,6454745508,
Бойченко Вікторія Василівна,6190703868,
Олійник Тетяна Василівна,3167175085,
Мельник Максим Максимович,5160400389,
Мороз Олена Петрівна,2213240440,
Панченко Світлана Андріївна,2530511417,
Степаненко Микола Олексійович,4969442473,
Клименко Дмитро Тарасович,6791215036,
Марченко Михайло Іванович,2340623750,
Власенко Світлана Романівна,6227757310,
Мельник Діана Андріївна,6521843334,
Семенченко Андрій Сергійович,7639918063,
Нечипоренко Світлана Сергіївна,9758737299,
Савченко Артем Миколайович,5807155485,
Лисенко Михайло Сергійович,7697435167,
Поліщук Людмила Дмитрівна,2707891245,
Кириленко Михайло Михайлович,8605748148,
Момот Валентина Дмитрівна,6777169070,
Григоренко Дмитро Тарасович,3748511122,
Пономаренко Віктор Іванович,9159101355,
Коваленко Ірина Романівна,2234696337,
Кузьменко Поліна Євгенівна,4059295546,
Власенко Тарас Іванович,7323993860,
Степаненко Оксана Вадимівна,7505494680,
Момот Надія Василівна,2354657014,
Кузьменко Олена Романівна,7567795200,
Павленко Юрій Артемович,1074636092,
Пономаренко Віктор Юрійович,8080629936,
Пономаренко Микола Петрович,1261715576,
Дяченко Ігор Євгенович,6163544321,
Дяченко Надія Василівна,5387574560,
Передерій Роман Богданович,7980350202,
Левченко Юрій Михайлович,3128770954,
Пономаренко Олег Євгенович,2730049604,
Павленко Катерина Василівна,7821970004,
Передерій Ярослав Васильович,5752970107,
Коваленко Євген Олексійович,2343741310,
Пономаренко Олена Владиславівна,7409350124,
Власенко Ганна Вадимівна,6827153602,
Середа Надія Василівна,4660988057,
Хоменко Марія Максимівна,7750869862,
Кисіль Дмитро Артемович,7678350570,
Ткаченко Роман Іванович,2422461952,
Іваненко Максим Петрович,8054185776,
Петренко Лариса Тарасівна,7489561339,
Тимченко Роман Андрійович,3055429538,
Сорока Аліна Євгенівна,1706544374,
Бойченко Олег Тарасович,9835128683,
Костенко Юлія Владиславівна,9219434072,
Нечипоренко Світлана Тарасівна,4467048237,
Ткаченко Вадим Олегович,2289758694,
Тимченко Ірина Богданівна,3325575445,
Павленко Олексій Євгенович,2497826823,
Карпенко Надія Юріївна,4486133583,
Литвиненко Геннадій Миколайович,3637440451,
Гончаренко Валентина Романівна,2048724489,
Семенченко Світлана Артемівна,1487006989,
Степаненко Світлана Дмитрівна,8030554482,
Дмитренко Геннадій Петрович,4107255736,
Гладченко Василь Іванович,7611903181,
Данченко Зоя Михайлівна,2336581878,
Лисенко Лілія Богданівна,4098454224,
Сидоренко Лілія Романівна,4115590309,
Яценко Андрій Дмитрович,8614241557,
Григоренко Геннадій Богданович,8091383343,
Горобець Надія Олегівна,7786614952,
Дяченко Наталія Сергіївна,7435650256,
Момот Роман Михайлович,4550909706,
Кузьменко Дарина Богданівна,2112976825,
Дяченко Сергій Миколайович,1365065537,
Білик Андрій Євгенович,3833534952,
Олійник Валерій Миколайович,2629548121,
Сорока Андрій Дмитрович,7180929579,
Тимченко Тетяна Михайлівна,5614045927,
Кравченко Валерій Дмитрович,2619627450,
Передерій Ігор Владиславович,1062904436,
Білоус Людмила Ігорівна,1679069344,
Білик Андрій Михайлович,9714952172,
Шевченко Ігор Владиславович,1259576408,
Панченко Ірина Миколаївна,8460174851,
Білик Валентина Ігорівна,5753501373,
Степаненко Наталія Михайлівна,8095746055,
Середа Людмила Богданівна,1266429797,
Захаренко Валентина Іванівна,5856380888,
Кириленко Ігор Олегович,5122084239,
Дмитренко Ярослав Олексійович,2965486950,
Семенченко Богдан Юрійович,6655657773,
Степаненко Вікторія Ігорівна,4124587334,
Середа Ігор Владиславович,6693836116,
Петренко Дарина Іванівна,7568607072,
Карпенко Вікторія Михайлівна,5279215440,
Сорока Поліна Олегівна,4601252108,
Костенко Діана Богданівна,8137266242,
Захаренко Юрій Дмитрович,7399527773,
Кузьменко Максим Вадимович,9342893843,
Костенко Людмила Романівна,7219109250,
Степаненко Тетяна Іванівна,1185338084,
Пономаренко Богдан Вадимович,6377385857,
Кисіль Марія Андріївна,9458581199,
Пономаренко Євген Євгенович,7036383804,
Поліщук Валентина Євгенівна,8751366169,
Петренко Богдан Дмитрович,6093599363,
Войтенко Марія Владиславівна,1926791222,
Бойченко Петро Богданович,3834142111,
Гончаренко Дмитро Тарасович,7457004769,
Момот Максим Тарасович,1868813248,
Костенко Артем Владиславович,8343914144,
Коваленко Ольга Михайлівна,1631495166,
Харченко Зоя Миколаївна,7092012336,
Луценко Дарина Вадимівна,9055767143,
Панченко Дарина Максимівна,6711156765,
Мельник Тетяна Андріївна,8903731140,
Сорока Вікторія Олексіївна,9853515271,
Гончаренко Анатолій Іванович,6594710468,
Деркач Лариса Юріївна,5077185600,
Левченко Світлана Олегівна,6866415863,
Романенко Вадим Владиславович,8438329779,
Петренко Надія Миколаївна,3500351103,
Кириленко Галина Андріївна,6638852758,
Сорока Лілія Тарасівна,5709986996,
Гриценко Петро Вадимович,2855490639,
Захаренко Артем Миколайович,3906999864,
Кисіль Тамара Андріївна,9542220547,
Гриценко Сергій Дмитрович,2151404749,
Нагірняк Михайло Іванович,2998360346,
Білоус Владислав Юрійович,2529694697,
Хоменко Зоя Тарасівна,8454059558,
Литвиненко Лариса Сергіївна,2630228294,
Мороз Галина Максимівна,4901135968,
Гончаренко Валерій Іванович,6532838022,
Гладченко Вікторія Андріївна,7457079677,
Литвиненко Максим Сергійович,9966072735,
Орленко Вадим Михайлович,2586189145,
Костенко Михайло Іванович,1788400467,
Передерій Тетяна Тарасівна,5911003965,
Лисенко Тетяна Миколаївна,4095389497,
Нечипоренко Вадим Владиславович,2745685290,
Луценко Ганна Василівна,3251223515,
Харченко Віктор Дмитрович,5998262058,
Тимченко Лариса Петрівна,7625965768,
Власенко Валерій Васильович,5072904431,
Савченко Валентина Романівна,6154324081,
Марченко Ольга Ігорівна,9476919457,
Петренко Дарина Іванівна,9281725435,
Харченко Тамара Вадимівна,7923014744,
Білик Микола Михайлович,1447599811,
Тимченко Євген Євгенович,7160750066,
Бондаренко Аліна Дмитрівна,9681877063,
Кириленко Валентина Юріївна,8044262672,
Гриценко Світлана Артемівна,7064664294,
Білик Олексій Олексійович,6973331634,
Ткач Анатолій Максимович,3645364359,
Кравченко Анатолій Романович,7418036342,
Ткаченко Світлана Петрівна,3126983378,
Клименко Аліна Олексіївна,5964715050,
Клименко Микола Олегович,9521141615,
Степаненко Василь Артемович,1576463619,
Литвиненко Вікторія Іванівна,7616997459,
Кисіль Максим Олексійович,6043785482,
Кириленко Микола Петрович,7848048868,
Олійник Галина Миколаївна,4065841607,
Данченко Богдан Юрійович,9538822075,
Хоменко Юлія Олексіївна,5470143495,
Луценко Геннадій Тарасович,3769240875,
Карпенко Валентина Олексіївна,2579564808,
Деркач Валерій Дмитрович,8363004264,
Гладченко Галина Олегівна,3264446101,
Гриценко Тамара Артемівна,7049035474,
Олійник Владислав Васильович,5445792007,
Романенко Сергій Дмитрович,3622098537,
Григоренко Вікторія Ігорівна,2956563106,
Горобець Дмитро Миколайович,2254155816,
Сорока Богдан Іванович,1331912094,
Захаренко Лілія Олексіївна,8846394451,
Романенко Владислав Євгенович,5406987286,
Назаренко Світлана Андріївна,7360235313,
Костенко Тарас Максимович,4817463629,
Пономаренко Геннадій Іванович,5017612788,
Дмитренко Валентина Вадимівна,1580281303,
Данченко Сергій Андрійович,1885870814,
Середа Валентина Владиславівна,1673079132,
Середа Ганна Дмитрівна,4993805739,
Власенко Юлія Богданівна,2798475205,
Семенченко Вікторія Сергіївна,8484108205,
Луценко Валерій Васильович,3610929991,
Середа Антоніна Євгенівна,1483855907,
Луценко Віктор Вадимович,2738266949,
Нечипоренко Олег Андрійович,1535113685,
Гладченко Михайло Дмитрович,1161795224,
Деркач Аліна Андріївна,4963500187,
Мельник Вікторія Владиславівна,9827751012,
Хоменко Зоя Сергіївна,2654284973,
Левченко Поліна Ігорівна,4062643930,
Панченко Сергій Васильович,3781571187,
Кузьменко Людмила Миколаївна,1683851867,
Тимченко Лілія Миколаївна,1633102040,
Деркач Юлія Ігорівна,9998164436,
Поліщук Надія Артемівна,3679015558,
Нагірняк Анатолій Вадимович,5667338309,
Назаренко Сергій Вадимович,4047139611,
Панченко Олена Богданівна,1088519016,
Мельник Валерій Богданович,2162253938,
Білик Тамара Петрівна,9181741196,
Бойченко Тарас Іванович,7626251864,
Яценко Василь Євгенович,9949483640,
Дяченко Дмитро Юрійович,9004809983,
Семенченко Тарас Максимович,6869462474,
Білик Віктор Олексійович,7388591898,
Нечипоренко Дарина Миколаївна,3381183422,
Клименко Роман Васильович,8944677094,
Шевченко Геннадій Іванович,5335050080,
Карпенко Дарина Євгенівна,6835014125,
Степаненко Марія Тарасівна,3024344016,
Дяченко Вікторія Юріївна,6912344621,
Орленко Юлія Андріївна,8703776947,
Захаренко Антоніна Миколаївна,3628126499,
Сидоренко Валентина Миколаївна,8499820457,
Мороз Богдан Миколайович,9010447344,
Ткаченко Ірина Євгенівна,3558757001,
Карпенко Олена Василівна,6876759310,
Савченко Антоніна Юріївна,3451481415,
Литвиненко Антоніна Дмитрівна,5409647166,
Кузьменко Петро Максимович,3429197385,
Павленко Зоя Артемівна,2118393282,
Степаненко Валерій Миколайович,1156316081,
Данченко Поліна Богданівна,2883728978,
Семенченко Лариса Романівна,8385270855,
Романенко Олексій Вадимович,6116011973,
Кузьменко Валерій Андрійович,5585439949,
Левченко Ігор Олегович,1808477013,
Сорока Катерина Максимівна,7958275464,
Іваненко Ольга Максимівна,2060469948,
Ткаченко Дмитро Артемович,4632497679,
Передерій Валентина Сергіївна,1591153910,
Григоренко Микола Романович,2199890022,
Кисіль Марія Максимівна,6288817662,
Зінченко Геннадій Петрович,6663588143,
Левченко Марія Вадимівна,4507191528,
Панченко Дмитро Андрійович,8077481041,
Костенко Наталія Андріївна,4354456698,
Захаренко Катерина Богданівна,8624463212,
Дяченко Юрій Ігорович,5258764079,
Савченко Микола Дмитрович,9041313984,
Іваненко Лілія Дмитрівна,4665105848,
Деркач Людмила Василівна,4814676352,
Нечипоренко Василь Максимович,6123938025,
Кириленко Тамара Вадимівна,1268452280,
Сидоренко Ігор Владиславович,2644449746,
Руденко Євген Артемович,8467682284,
Мороз Дарина Василівна,1209214180,
Карпенко Олексій Максимович,8731168702,
Костенко Дмитро Іванович,9784918464,
Нагірняк Валерій Петрович,9297704305,
Кириленко Максим Владиславович,7354693565,
Карпенко Віктор Миколайович,2470659331,
Карпенко Зоя Дмитрівна,2505314301,
Романенко Діана Михайлівна,9764995173,
Григоренко Діана Юріївна,7751533008,
Луценко Надія Андріївна,5536167052,
Мороз Діана Ігорівна,8797516777,
Кисіль Геннадій Дмитрович,9422217321,
Коваленко Тетяна Олегівна,9959356410,
Нечипоренко Лілія Ігорівна,8791558830,
Кириленко Ігор Олексійович,9595279618,
Шевченко Надія Сергіївна,9596923006,
Панченко Людмила Романівна,8470568437,
Луценко Олег Іванович,5505303129,
Войтенко Юрій Максимович,7104885243,
Хоменко Дарина Богданівна,6551246338,
Нагірняк Юлія Андріївна,3663135550,
Харченко Поліна Іванівна,2491735772,
Білик Сергій Андрійович,4120758827,
Мельник Ольга Ігорівна,7506242108,
Гриценко Василь Юрійович,8604259845,
Іваненко Олексій Ігорович,2508472388,
Дмитренко Юлія Михайлівна,4236611884,
Поліщук Богдан Олексійович,8682049798,
Петренко Богдан Богданович,1535967103,
Тимченко Максим Євгенович,8172658958,
Петренко Микола Михайлович,5881361172,
Сорока Марія Олегівна,5319493937,
Момот Лариса Богданівна,8938981231,
Назаренко Поліна Ігорівна,1429056399,
Тимченко Михайло Владиславович,8639934418,
Бондаренко Оксана Богданівна,3376902694,
Дяченко Олена Ігорівна,1085562481,
Назаренко Віктор Ігорович,2083515288,
Шевченко Максим Сергійович,6047078499,
Бондаренко Зоя Михайлівна,6353452001,
Хоменко Богдан Євгенович,5035609138,
Гладченко Владислав Владиславович,4955683971,
Дяченко Аліна Романівна,9881102589,
Савченко Надія Олексіївна,7127859089,
Левченко Ірина Олексіївна,2140613025,
Панченко Антоніна Владиславівна,4225572157,
Назаренко Олексій Євгенович,2372575180,
Назаренко Оксана Владиславівна,1571013014,
Передерій Роман Ігорович,6068795225,
Руденко Аліна Сергіївна,1491940872,
Нечипоренко Олексій Сергійович,9235307402,
Тимченко Тарас Юрійович,9647997631,
Клименко Василь Васильович,7527544299,
Костенко Юрій Євгенович,8293377948,
Клименко Галина Іванівна,7543939323,
Пономаренко Дмитро Олексійович,7104918047,
Мороз Світлана Ігорівна,5851093695,
Нагірняк Лілія Михайлівна,4417712563,
Мороз Зоя Вадимівна,5745560285,
Мельник Катерина Дмитрівна,8293974944,
Нечипоренко Юлія Юріївна,3458705339,
Гриценко Богдан Олегович,9752819934,
Дяченко Надія Владиславівна,3420505229,
Бойченко Ігор Дмитрович,4772348794,
Власенко Артем Богданович,2959220536,
Поліщук Василь Олегович,3192679596,
Романенко Максим Юрійович,9713519589,
Кузьменко Василь Артемович,8171725854,
Нечипоренко Марія Іванівна,3717879558,
Захаренко Антоніна Миколаївна,8038056588,
Войтенко Лілія Вадимівна,1373658906,
Мороз Поліна Петрівна,7745225684,
Білик Юрій Вадимович,3735112023,
Ткаченко Артем Євгенович,2386896521,
Гриценко Ярослав Юрійович,6502750193,
Бондаренко Василь Миколайович,3148070304,
Гладченко Геннадій Вадимович,3864304311,
Горобець Тетяна Сергіївна,9327083830,
Лисенко Іван Васильович,7429416072,
Дмитренко Ганна Владиславівна,9415590769,
Коваленко Валерій Юрійович,1759275920,
Коваленко Марія Василівна,9974406795,
Данченко Ігор Андрійович,6292534147,
Тимченко Лілія Петрівна,4774733202,
Зінченко Надія Вадимівна,7047721200,
Степаненко Лариса Михайлівна,6454150113,
Нечипоренко Валентина Владиславівна,9054589393,
Хоменко Ольга Вадимівна,7660996553,
Левченко Наталія Андріївна,5238805931,
Зінченко Василь Владиславович,8433190119,
Іваненко Людмила Іванівна,7590739799,
Момот Олег Юрійович,8060671933,
Клименко Ганна Олексіївна,6371558621,
Григоренко Тарас Олегович,5435669282,
Кравченко Тетяна Євгенівна,6882406198,
Деркач Петро Олегович,9969879879,
Данченко Зоя Олегівна,9139616432,
Петренко Ігор Петрович,3333861356,
Мороз Михайло Артемович,1179115362,
Яценко Андрій Дмитрович,4414473202,
Власенко Галина Дмитрівна,1599704943,
Нагірняк Діана Артемівна,7697906402,
Орленко Євген Андрійович,7588832898,
Горобець Микола Сергійович,3935694701,
Григоренко Сергій Ігорович,6609757293,
Григоренко Марія Олексіївна,9845475889,
Литвиненко Ярослав Вадимович,1219944158,
Литвиненко Аліна Богданівна,7251724497,
Дмитренко Оксана Миколаївна,2278049744,
Дмитренко Владислав Ігорович,8368455689,
Левченко Максим Дмитрович,6909105183,
Нагірняк Ольга Сергіївна,3593401699,
Войтенко Петро Ігорович,4437285700,
Петренко Антоніна Петрівна,2553908169,
Кузьменко Максим Владиславович,8673439455,
Луценко Марія Петрівна,7043890074,
Семенченко Ірина Олексіївна,8890679622,
Руденко Діана Олегівна,9663129944,
Власенко Людмила Євгенівна,2095259597,
Тимченко Владислав Михайлович,4080130144,
Нагірняк Ольга Владиславівна,6926429995,
Шевченко Віктор Юрійович,7411479718,
Левченко Анатолій Ігорович,9154598882,
Хоменко Ірина Вадимівна,8547630951,
Нагірняк Дмитро Владиславович,2713863611,
Литвиненко Галина Максимівна,7517228023,
Лисенко Богдан Максимович,7529063562,
Сорока Валентина Олегівна,9799101891,
Горобець Микола Петрович,6421505010,
Романенко Віктор Михайлович,9040444246,
Олійник Анатолій Іванович,4952968837,
Коваленко Дмитро Олексійович,7988421707,
Клименко Микола Миколайович,1353962695,
Ткаченко Сергій Михайлович,7450791769,
Данченко Лариса Вадимівна,8993349078,
Сорока Марія Сергіївна,7839954847,
Нечипоренко Тетяна Михайлівна,5647724682,
Данченко Петро Іванович,1128985746,
Гладченко Віктор Михайлович,4880233526,
Власенко Дмитро Тарасович,4091979533,
Захаренко Лариса Максимівна,4936770235,
Григоренко Юлія Петрівна,7343827444,
Власенко Дарина Андріївна,1237741473,
Зінченко Діана Сергіївна,2058329341,
Хоменко Юлія Миколаївна,3454031692,
Григоренко Світлана Ігорівна,6154680224,
Коваленко Галина Євгенівна,6707588207,
Кисіль Олег Дмитрович,9405531784,
Степаненко Андрій Олексійович,9249209037,
Хоменко Владислав Ігорович,9421051986,
Горобець Ольга Романівна,5713878661,
Момот Богдан Олексійович,3723786889,
Кравченко Роман Михайлович,4244886584,
Степаненко Віктор Петрович,1917631199,
Орленко Діана Іванівна,4455611939,
Кравченко Анатолій Артемович,5084544701,
Кравченко Вікторія Євгенівна,4924297167,
Власенко Віктор Богданович,9180037025,
Луценко Ольга Вадимівна,5120393690,
Данченко Тарас Іванович,5936084870,
Лисенко Ганна Вадимівна,2047056418,
Гриценко Андрій Олексійович,3975554979,
Григоренко Юлія Юріївна,2411985287,
Зінченко Ігор Ігорович,8999071992,
Петренко Анатолій Іванович,2179638443,
Гриценко Артем Євгенович,5379439463,
Орленко Дарина Дмитрівна,8702712483,
Білоус Дарина Артемівна,9961200892,
Момот Віктор Богданович,4997714950,
Бондаренко Михайло Ігорович,8363290181,
Орленко Іван Андрійович,9586971465,
Войтенко Сергій Тарасович,5291693657,
Гончаренко Михайло Миколайович,5876998147,
Данченко Тетяна Ігорівна,8615169080,
Гладченко Дарина Миколаївна,1973758867,
Клименко Богдан Іванович,9057698785,
Григоренко Артем Владиславович,6802877922,
Карпенко Марія Дмитрівна,7730511364,
Данченко Лариса Олегівна,8721531731,
Дяченко Надія Василівна,6246580964,
Власенко Максим Богданович,3137984947,
Деркач Ірина Іванівна,3827537280,
Середа Олег Богданович,2169875533,
Луценко Валерій Васильович,2652010842,
Савченко Людмила Олегівна,3641736601,
Кисіль Надія Олексіївна,7275482633,
Власенко Ірина Сергіївна,9347661135,
Назаренко Богдан Євгенович,4093255330,
Клименко Микола Романович,1150045515,
Дмитренко Микола Вадимович,5401432014,
Савченко Артем Вадимович,2919431565,
Гладченко Василь Андрійович,9289697589,
Степаненко Ярослав Богданович,2970742691,
Левченко Геннадій Максимович,2283507544,
Власенко Василь Петрович,4271412567,
Мельник Олексій Іванович,2366922802,
Назаренко Максим Романович,8171345392,
Луценко Олена Артемівна,3101313806,
Мельник Лілія Сергіївна,6933410653,
Горобець Ганна Михайлівна,7533468756,
Мельник Лілія Максимівна,1908294095,
Деркач Людмила Андріївна,7681131945,
Панченко Дмитро Олексійович,5412128992,
Іваненко Поліна Олексіївна,5674903971,
Григоренко Дмитро Романович,8327340592,
Іваненко Євген Олегович,8916756567,
Середа Михайло Олексійович,1388086886,
Дмитренко Наталія Миколаївна,2936288813,
Григоренко Поліна Вадимівна,7972683293,
Орленко Лариса Тарасівна,2457434245,
Пономаренко Вадим Ігорович,8132756697,
Левченко Галина Миколаївна,1263327057,
Левченко Іван Тарасович,6863007169,
Лисенко Віктор Вадимович,7039488025,
Іваненко Юлія Василівна,4126095533,
Нечипоренко Дарина Михайлівна,9269762414,
Григоренко Валентина Богданівна,3248934378,
Олійник Оксана Миколаївна,9364503747,
Зінченко Антоніна Юріївна,6615045216,
Клименко Роман Олексійович,7789685302,
Кисіль Дмитро Богданович,8315884666,
Бойченко Андрій Богданович,9102980873,
Олійник Тетяна Миколаївна,3129625769,
Тимченко Михайло Сергійович,8485481546,
Панченко Микола Петрович,1217990834,
Кравченко Анатолій Олегович,3149185533,
Клименко Зоя Юріївна,7962935393,
Коваленко Ірина Олексіївна,2227913587,
Мороз Поліна Богданівна,6132842714,
Поліщук Антоніна Артемівна,3319749066,
Романенко Микола Богданович,8970386607,
Бондаренко Дмитро Максимович,6688573249,
Петренко Тамара Петрівна,1598198780,
Романенко Олена Олегівна,3387998097,
Марченко Юрій Миколайович,7006280028,
Орленко Олег Дмитрович,5327824693,
Білик Михайло Васильович,6784702384,
Нечипоренко Василь Олегович,4904264171,
Момот Ганна Дмитрівна,3534416580,
Середа Анатолій Вадимович,8310828702,
Романенко Олена Артемівна,6865941885,
Яценко Андрій Васильович,1741701332,
Луценко Євген Петрович,7369640280,
Іваненко Зоя Ігорівна,2688639760,
Деркач Сергій Петрович,7033906872,
Нечипоренко Олексій Сергійович,6831210485,
Степаненко Юрій Іванович,4080769897,
Олійник Дмитро Владиславович,9601227190,
Степаненко Євген Богданович,1618018660,
Степаненко Іван Дмитрович,5391474606,
Харченко Михайло Миколайович,3355401241,
Левченко Оксана Василівна,9922859583,
Орленко Василь Владиславович,9850066072,
Бойченко Антоніна Олексіївна,4211766913,
Семенченко Марія Василівна,8924862170,
Хоменко Ігор Владиславович,3801784843,
Нагірняк Олена Тарасівна,9092313334,
Дяченко Людмила Сергіївна,1362410174,
Горобець Ігор Юрійович,7247720479,
Дмитренко Аліна Миколаївна,9415480348,
Григоренко Микола Ігорович,8130113216,
Деркач Валерій Олексійович,1097067000,
Костенко Артем Сергійович,5725730091,
Мельник Діана Максимівна,9506878925,
Зінченко Ірина Сергіївна,1109262758,
Середа Анатолій Іванович,1901216872,
Ткач Михайло Дмитрович,7634186631,
Захаренко Наталія Богданівна,3007681210,
Гончаренко Дмитро Владиславович,2302316669,
Литвиненко Петро Васильович,5481889984,
Яценко Юлія Ігорівна,2999344474,
Григоренко Катерина Артемівна,2427016273,
Руденко Діана Михайлівна,7301233256,
Мельник Ганна Артемівна,3684736780,
Сорока Катерина Богданівна,3082944175,
Григоренко Лілія Андріївна,1527603588,
Деркач Наталія Максимівна,4338913143,
Горобець Вікторія Максимівна,7790007617,
Мороз Зоя Романівна,9518622778,
Романенко Геннадій Дмитрович,5304205204,
Захаренко Євген Миколайович,3810897097,
Нагірняк Сергій Владиславович,5488505944,
Пономаренко Юрій Олегович,9984793783,
Мороз Лілія Юріївна,7188632325,
Карпенко Тетяна Романівна,9711333798,
Семенченко Тамара Петрівна,1450124361,
Войтенко Роман Ігорович,4800442355,
Нечипоренко Антоніна Михайлівна,2091927351,
Клименко Іван Вадимович,1177553054,
Поліщук Дмитро Артемович,4848406584,
Петренко Ірина Петрівна,8901843970,
Коваленко Юлія Дмитрівна,6994388002,
Білоус Євген Михайлович,6074336206,
Середа Ярослав Євгенович,9868711342,
Яценко Микола Миколайович,1019958905,
Горобець Ганна Василівна,8792984449,
Хоменко Олена Артемівна,7880677522,
Григоренко Геннадій Богданович,3970567731,
Панченко Микола Владиславович,7755276531,
Сидоренко Ганна Артемівна,9912487559,
Захаренко Василь Олегович,9738782919,
Зінченко Лариса Тарасівна,1299336383,
Нечипоренко Тамара Олексіївна,4918845579,
Назаренко Владислав Ігорович,3557725731,
Романенко Богдан Артемович,9722349520,
Захаренко Діана Романівна,8322972297,
Деркач Іван Дмитрович,9666532641,
Яценко Поліна Олексіївна,9742772965,
Семенченко Зоя Ігорівна,2367534833,
Кравченко Юрій Дмитрович,8590694534,
Данченко Ярослав Богданович,7833977465,
Середа Тетяна Петрівна,7615512703,
Лисенко Артем Олегович,4004893613,
Лисенко Ярослав Іванович,9476687642,
Сорока Оксана Олегівна,7542169180,
Білоус Олег Олексійович,5778641752,
Степаненко Артем Максимович,9352931957,
Левченко Юрій Вадимович,3918154363,
Петренко Роман Андрійович,3955761792,
