ПІБ,ІПН
Сидоренко Лілія Романівна,4115590309
Карпенко Владислав Дмитрович,3142747418
Поліщук Поліна Михайлівна,9920266262
Середа Ірина Дмитрівна,1043397381
Григоренко Лілія Андріївна,1527603588
Сорока Людмила Дмитрівна,9251775000
Яценко Андрій Дмитрович,4414473202
Панченко Микола Владиславович,7755276531
Гриценко Анатолій Петрович,8678504498
Білик Олексій Олексійович,6973331634
Бойченко Валерій Артемович,8384716484
Бойченко Антоніна Олексіївна,4211766913
Марченко Валерій Миколайович,5678686230
Левченко Ігор Олегович,1808477013
Дяченко Юрій Ігорович,5258764079
Олійник Максим Максимович,6813801068
Хоменко Микола Андрійович,2779939612
Іваненко Вікторія Ігорівна,8343784958
Левченко Максим Дмитрович,6909105183
Білик Андрій Євгенович,3833534952
Гриценко Роман Євгенович,7729717751
Кириленко Лілія Олегівна,5267538314
Ткаченко Роман Петрович,5071432626
Мельник Поліна Олексіївна,1154984302
Руденко Валентина Тарасівна,9608566832
Білик Юрій Вадимович,3735112023
Поліщук Петро Артемович,8891019285
Мороз Галина Максимівна,4901135968
Захаренко Ігор Тарасович,9902522626
Назаренко Тарас Олексійович,4490243085
Петренко Василь Артемович,2431652247
Яценко Юрій Романович,6070836907
Мороз Олег Андрійович,1178094645
Романенко Наталія Петрівна,7593681074
Яценко Ярослав Іванович,9146383463
Поліщук Богдан Олексійович,8682049798
Левченко Лілія Сергіївна,7693479226
Іваненко Аліна Василівна,3862248931
Романенко Аліна Артемівна,9185459726
Горобець Роман Миколайович,8259262361
Власенко Дарина Андріївна,1237741473
Іваненко Олексій Вадимович,5770098729
Карпенко Надія Юріївна,4486133583
Мельник Юлія Іванівна,2090281017
Степаненко Дмитро Сергійович,9853054909
Яценко Дарина Петрівна,5035337576
Лисенко Оксана Андріївна,1550531272
Романенко Надія Михайлівна,9448841817
Назаренко Іван Васильович,9132072146
Дмитренко Євген Максимович,8556315638
